<?xml version="1.0"?>
<metadata xml:lang="en">
	<Esri>
		<CreaDate>20161019</CreaDate>
		<CreaTime>10310700</CreaTime>
		<ArcGISFormat>1.0</ArcGISFormat>
		<SyncOnce>TRUE</SyncOnce>
		<ModDate>20161222</ModDate>
		<ModTime>111727</ModTime>
		<scaleRange>
			<minScale>150000000</minScale>
			<maxScale>5000</maxScale>
		</scaleRange>
		<ArcGISProfile>ItemDescription</ArcGISProfile>
	</Esri>
	<dataIdInfo>
		<idCitation>
			<resTitle>Calculate Confinement</resTitle>
		</idCitation>
		<idAbs>Confinement Tool Summary</idAbs>
		<idCredit>South Fork Research, Inc</idCredit>
		<searchKeys>
			<keyword>Confinement</keyword>
		</searchKeys>
	</dataIdInfo>
	<distInfo>
		<distributor>
			<distorFormat>
				<formatName>ArcToolbox Tool</formatName>
			</distorFormat>
		</distributor>
	</distInfo>
	<tool name="ConfinementCalculationTool" displayname="Calculate Confinement" toolboxalias="" xmlns="">
		<parameters>
			<param name="lineNetwork" displayname="Input Stream Network with Confining State" type="Required" direction="Input" datatype="Feature Layer" expression="lineNetwork">
				<dialogReference>Stream Line Network</dialogReference>
			</param>
			<param name="fieldStreamID" displayname="Dissolve Field (Stream Branch ID)" type="Required" direction="Input" datatype="String" expression="fieldStreamID"/>
			<param name="fieldAttribute" displayname="Confining State Field" type="Required" direction="Input" datatype="String" expression="fieldAttribute"/>
			<param name="dblSeedPointDistance" displayname="Seed Point Distance" type="Required" direction="Input" datatype="Double" expression="dblSeedPointDistance"/>
			<param name="inputWindowSizes" displayname="Window Sizes" type="Required" direction="Input" datatype="Multiple Value" expression="inputWindowSizes;inputWindowSizes..."/>
			<param name="strOutputWorkspace" displayname="Output Workspace" type="Optional" direction="Input" datatype="Workspace" expression="{strOutputWorkspace}"/>
			<param name="strTempWorkspace" displayname="Temp Workspace" type="Optional" direction="Input" datatype="Workspace" expression="{strTempWorkspace}"/>
		</parameters>
		<summary>Confinement Tool Summary information</summary>
		<usage>Confinement Tool Usage</usage>
	</tool>
	<mdHrLv>
		<ScopeCd value="005"/>
	</mdHrLv>
</metadata>
