<?xml version="1.0" encoding="UTF-8"?>
<metadata xml:lang="en"><Esri><CreaDate>20161213</CreaDate><CreaTime>09435300</CreaTime><ArcGISFormat>1.0</ArcGISFormat><SyncOnce>TRUE</SyncOnce><ModDate>20170801</ModDate><ModTime>093036</ModTime></Esri><dataIdInfo><idCitation><resTitle>Load Input Datasets</resTitle></idCitation></dataIdInfo><distInfo><distributor><distorFormat><formatName>ArcToolbox Tool</formatName></distorFormat></distributor></distInfo><tool name="LoadInputsTool" displayname="Load Input Datasets" toolboxalias=""><parameters><param name="projectXML" displayname="Confinement Project XML" type="Optional" direction="Input" datatype="File" expression="{projectXML}"/><param name="InputFCStreamNetwork" displayname="Input Stream Network" type="Optional" direction="Input" datatype="Feature Class" expression="{InputFCStreamNetwork}"/><param name="InputBankfullChannelPoly" displayname="Input Active Channel Polygon (Buffered Bankfull)" type="Optional" direction="Input" datatype="Feature Class" expression="{InputBankfullChannelPoly}"/><param name="InputValleyBottomPolygon" displayname="Input Valley Bottom Polygon" type="Optional" direction="Input" datatype="Feature Class" expression="{InputValleyBottomPolygon}"/></parameters></tool></metadata>
