<?xml version="1.0" encoding="UTF-8"?>
<metadata xml:lang="en"><Esri><CreaDate>20161213</CreaDate><CreaTime>09435300</CreaTime><ArcGISFormat>1.0</ArcGISFormat><SyncOnce>TRUE</SyncOnce><ModDate>20170303</ModDate><ModTime>132653</ModTime></Esri><dataIdInfo><idCitation><resTitle>LoadInputsTool</resTitle></idCitation></dataIdInfo><distInfo><distributor><distorFormat><formatName>ArcToolbox Tool</formatName></distorFormat></distributor></distInfo><tool name="LoadInputsTool" displayname="LoadInputsTool" toolboxalias=""><parameters/></tool></metadata>
