<?xml version="1.0" encoding="UTF-8"?>
<metadata xml:lang="en"><Esri><CreaDate>20161208</CreaDate><CreaTime>19571300</CreaTime><ArcGISFormat>1.0</ArcGISFormat><SyncOnce>TRUE</SyncOnce><ModDate>20170303</ModDate><ModTime>132653</ModTime></Esri><dataIdInfo><idCitation><resTitle>Confining Margins Tool</resTitle></idCitation></dataIdInfo><distInfo><distributor><distorFormat><formatName>ArcToolbox Tool</formatName></distorFormat></distributor></distInfo><tool name="ConfiningMarginTool" displayname="Confining Margins Tool" toolboxalias=""><parameters><param name="projectXML" displayname="Confinement Project XML" type="Optional" direction="Input" datatype="File" expression="{projectXML}"/><param name="realizationName" displayname="Confinement Realization Name" type="Optional" direction="Input" datatype="String" expression="{realizationName}"/><param name="InputFCStreamNetwork" displayname="Input Stream Network" type="Required" direction="Input" datatype="Feature Class" expression="InputFCStreamNetwork"/><param name="InputValleyBottomPolygon" displayname="Input Valley Bottom Polygon" type="Required" direction="Input" datatype="Feature Class" expression="InputValleyBottomPolygon"/><param name="InputBankfullChannelPoly" displayname="Input Buffered Bankfull Channel Polygon" type="Required" direction="Input" datatype="Feature Class" expression="InputBankfullChannelPoly"/><param name="outputRawConfiningState" displayname="Output Raw Confining State" type="Optional" direction="Output" datatype="Feature Class" expression="{outputRawConfiningState}"/><param name="fcOutputConfiningMargins" displayname="Output Confining Margins" type="Optional" direction="Output" datatype="Feature Class" expression="{fcOutputConfiningMargins}"/><param name="strTempWorkspace" displayname="Temp Workspace" type="Optional" direction="Input" datatype="Workspace" expression="{strTempWorkspace}"/></parameters></tool></metadata>
