<?xml version="1.0" encoding="UTF-8"?>
<metadata xml:lang="en"><Esri><CreaDate>20161208</CreaDate><CreaTime>19512800</CreaTime><ArcGISFormat>1.0</ArcGISFormat><SyncOnce>TRUE</SyncOnce><ModDate>20161208</ModDate><ModTime>195128</ModTime></Esri><dataIdInfo><idCitation><resTitle>Tool</resTitle></idCitation></dataIdInfo><distInfo><distributor><distorFormat><formatName>ArcToolbox Tool</formatName></distorFormat></distributor></distInfo><tool name="Tool" displayname="Tool" toolboxalias=""><parameters/></tool></metadata>
