<?xml version="1.0" encoding="UTF-8"?>
<metadata xml:lang="en"><Esri><CreaDate>20161208</CreaDate><CreaTime>19512600</CreaTime><ArcGISFormat>1.0</ArcGISFormat><SyncOnce>TRUE</SyncOnce><ModDate>20170303</ModDate><ModTime>132642</ModTime></Esri><toolbox name="Confinement_Toolbox" alias=""><arcToolboxHelpPath>c:\program files (x86)\arcgis\desktop10.1\Help\gp</arcToolboxHelpPath><toolsets/></toolbox><dataIdInfo><idCitation><resTitle>Confinement_Toolbox</resTitle></idCitation></dataIdInfo><distInfo><distributor><distorFormat><formatName>ArcToolbox Toolbox</formatName></distorFormat></distributor></distInfo></metadata>
