<?xml version="1.0" encoding="UTF-8"?>
<metadata xml:lang="en"><Esri><CreaDate>20170207</CreaDate><CreaTime>09055600</CreaTime><ArcGISFormat>1.0</ArcGISFormat><SyncOnce>TRUE</SyncOnce><ModDate>20170303</ModDate><ModTime>132653</ModTime></Esri><dataIdInfo><idCitation><resTitle>Confinement on Segmented Network</resTitle></idCitation></dataIdInfo><distInfo><distributor><distorFormat><formatName>ArcToolbox Tool</formatName></distorFormat></distributor></distInfo><tool name="SegmentedNetworkConfinementTool" displayname="Confinement on Segmented Network" toolboxalias=""><parameters><param name="projectXML" displayname="Confinement Project XML" type="Optional" direction="Input" datatype="File" expression="{projectXML}"/><param name="realization" displayname="Realization Name" type="Optional" direction="Input" datatype="String" expression="{realization}"/><param name="nameAnalysis" displayname="Name of Analysis" type="Required" direction="Input" datatype="String" expression="nameAnalysis"/><param name="InputFCStreamNetwork" displayname="Input Stream Network" type="Required" direction="Input" datatype="Feature Class" expression="InputFCStreamNetwork"/><param name="fieldSegmentID" displayname="Segment ID Field" type="Required" direction="Input" datatype="String" expression="fieldSegmentID"/><param name="fieldConfined" displayname="IsConfined Field" type="Required" direction="Input" datatype="String" expression="fieldConfined"/><param name="fieldConstriction" displayname="IsConstrict Field" type="Required" direction="Input" datatype="String" expression="fieldConstriction"/><param name="strOutputWorkspace" displayname="Output Workspace" type="Optional" direction="Output" datatype="Workspace" expression="{strOutputWorkspace}"/><param name="strTempWorkspace" displayname="Temp Workspace" type="Optional" direction="Input" datatype="Workspace" expression="{strTempWorkspace}"/></parameters></tool></metadata>
