<?xml version="1.0"?>
<metadata xml:lang="en"><Esri><CreaDate>20170207</CreaDate><CreaTime>09055600</CreaTime><ArcGISFormat>1.0</ArcGISFormat><SyncOnce>TRUE</SyncOnce><ModDate>20170516</ModDate><ModTime>143952</ModTime><scaleRange><minScale>150000000</minScale><maxScale>5000</maxScale></scaleRange><ArcGISProfile>ItemDescription</ArcGISProfile></Esri><dataIdInfo><idCitation><resTitle>Confinement on Segmented Network</resTitle></idCitation><searchKeys><keyword>Confinement</keyword><keyword>Riverscapes</keyword></searchKeys></dataIdInfo><distInfo><distributor><distorFormat><formatName>ArcToolbox Tool</formatName></distorFormat></distributor></distInfo><tool name="SegmentedNetworkConfinementTool" displayname="Confinement on Segmented Network" toolboxalias="" xmlns=""><parameters><param name="projectXML" displayname="Confinement Project XML" type="Optional" direction="Input" datatype="File" expression="{projectXML}"><dialogReference>&lt;DIV STYLE="text-align:Left;"&gt;&lt;P STYLE="font-size:16ptmargin:7 0 7 0;"&gt;&lt;SPAN&gt;&lt;SPAN&gt;Select the project.rs.xml file for the Confinement Project.&lt;/SPAN&gt;&lt;/SPAN&gt;&lt;/P&gt;&lt;/DIV&gt;</dialogReference></param><param name="realization" displayname="Realization Name" type="Optional" direction="Input" datatype="String" expression="{realization}"><dialogReference>&lt;DIV STYLE="text-align:Left;"&gt;&lt;DIV&gt;&lt;P&gt;&lt;SPAN&gt;Select the exisiting realization within the Confinement Project to run the Confinement Analysis on.&lt;/SPAN&gt;&lt;/P&gt;&lt;/DIV&gt;&lt;/DIV&gt;</dialogReference></param><param name="nameAnalysis" displayname="Name of Analysis" type="Required" direction="Input" datatype="String" expression="nameAnalysis"><dialogReference>&lt;DIV STYLE="text-align:Left;"&gt;&lt;P STYLE="font-size:16ptmargin:7 0 7 0;"&gt;&lt;SPAN&gt;&lt;SPAN&gt;Name of the new Analysis to be created. &lt;/SPAN&gt;&lt;/SPAN&gt;&lt;/P&gt;&lt;P STYLE="font-size:16ptmargin:7 0 7 0;"&gt;&lt;SPAN&gt;&lt;SPAN&gt;Please do not use spaces, punctuation, or other special characters in the name.&lt;/SPAN&gt;&lt;/SPAN&gt;&lt;/P&gt;&lt;DIV&gt;&lt;P&gt;&lt;SPAN /&gt;&lt;/P&gt;&lt;/DIV&gt;&lt;/DIV&gt;</dialogReference></param><param name="InputFCStreamNetwork" displayname="Input Stream Network" type="Required" direction="Input" datatype="Feature Class" expression="InputFCStreamNetwork"><dialogReference>&lt;DIV STYLE="text-align:Left;"&gt;&lt;P STYLE="font-size:16ptmargin:7 0 7 0;"&gt;&lt;SPAN&gt;Raw Confining State Network (output from Confining Margins tool) to calculate confinement values.&lt;/SPAN&gt;&lt;/P&gt;&lt;P STYLE="font-size:16ptmargin:7 0 7 0;"&gt;&lt;SPAN&gt;If in project mode, this will be selected for you based on the selected Realization.&lt;/SPAN&gt;&lt;/P&gt;&lt;DIV&gt;&lt;P&gt;&lt;SPAN /&gt;&lt;/P&gt;&lt;/DIV&gt;&lt;/DIV&gt;</dialogReference><pythonReference>&lt;DIV STYLE="text-align:Left;"&gt;&lt;P STYLE="font-size:16ptmargin:7 0 7 0;"&gt;&lt;SPAN&gt;. &lt;/SPAN&gt;&lt;/P&gt;&lt;/DIV&gt;</pythonReference></param><param name="fieldSegmentID" displayname="Segment ID Field" type="Required" direction="Input" datatype="String" expression="fieldSegmentID"><dialogReference>&lt;DIV STYLE="text-align:Left;"&gt;&lt;DIV&gt;&lt;P&gt;&lt;SPAN&gt;Field that contians the unque ID's of the Segmentation of the network that will be used to calculate confinement values on.&lt;/SPAN&gt;&lt;/P&gt;&lt;/DIV&gt;&lt;/DIV&gt;</dialogReference></param><param name="fieldConfined" displayname="IsConfined Field" type="Required" direction="Input" datatype="String" expression="fieldConfined"><dialogReference>&lt;DIV STYLE="text-align:Left;"&gt;&lt;DIV&gt;&lt;P&gt;&lt;SPAN&gt;Filed that specifes the Confinement State of the network.&lt;/SPAN&gt;&lt;/P&gt;&lt;P&gt;&lt;SPAN&gt;Default: "IsConfined"&lt;/SPAN&gt;&lt;/P&gt;&lt;/DIV&gt;&lt;/DIV&gt;</dialogReference></param><param name="fieldConstriction" displayname="IsConstrict Field" type="Required" direction="Input" datatype="String" expression="fieldConstriction"><dialogReference>&lt;DIV STYLE="text-align:Left;"&gt;&lt;P&gt;&lt;SPAN&gt;Filed that specifes the Constriction State of the network.&lt;/SPAN&gt;&lt;/P&gt;&lt;P&gt;&lt;SPAN&gt;Default: "IsConstric"&lt;/SPAN&gt;&lt;/P&gt;&lt;/DIV&gt;</dialogReference></param><param name="strOutputWorkspace" displayname="Output Workspace" type="Optional" direction="Output" datatype="Workspace" expression="{strOutputWorkspace}"><dialogReference>&lt;DIV STYLE="text-align:Left;"&gt;&lt;DIV&gt;&lt;P&gt;&lt;SPAN&gt;Output workspace for output files.&lt;/SPAN&gt;&lt;/P&gt;&lt;/DIV&gt;&lt;/DIV&gt;</dialogReference></param><param name="strTempWorkspace" displayname="Temp Workspace" type="Optional" direction="Input" datatype="Workspace" expression="{strTempWorkspace}"><dialogReference>&lt;DIV STYLE="text-align:Left;"&gt;&lt;DIV&gt;&lt;P&gt;&lt;SPAN&gt;Scratch workspace for temporary files. If a workspace is not specified, then "in_memory" workspace will be used.&lt;/SPAN&gt;&lt;/P&gt;&lt;/DIV&gt;&lt;/DIV&gt;</dialogReference></param></parameters></tool><mdHrLv><ScopeCd value="005"></ScopeCd></mdHrLv></metadata>
