<?xml version="1.0" encoding="UTF-8"?>
<metadata xml:lang="en"><Esri><CreaDate>20170421</CreaDate><CreaTime>13040700</CreaTime><ArcGISFormat>1.0</ArcGISFormat><SyncOnce>TRUE</SyncOnce><ModDate>20170427</ModDate><ModTime>114156</ModTime></Esri><dataIdInfo><idCitation><resTitle>Confining Margins Tool (Linked Projects)</resTitle></idCitation></dataIdInfo><distInfo><distributor><distorFormat><formatName>ArcToolbox Tool</formatName></distorFormat></distributor></distInfo><tool name="ConfiningMarginTool2" displayname="Confining Margins Tool (Linked Projects)" toolboxalias=""><parameters><param name="projectXML" displayname="Confinement Project XML" type="Optional" direction="Input" datatype="File" expression="{projectXML}"/><param name="realizationName" displayname="Confinement Realization Name" type="Optional" direction="Input" datatype="String" expression="{realizationName}"/><param name="InputFCStreamNetwork" displayname="Input Stream Network" type="Optional" direction="Input" datatype="Feature Class" expression="{InputFCStreamNetwork}"/><param name="InputBankfullChannelPoly" displayname="Input Active Channel Polygon (Buffered Bankfull)" type="Optional" direction="Input" datatype="Feature Class" expression="{InputBankfullChannelPoly}"/><param name="InputValleyBottomPolygon" displayname="Input Valley Bottom Polygon" type="Optional" direction="Input" datatype="Feature Class" expression="{InputValleyBottomPolygon}"/><param name="outputRawConfiningState" displayname="Output Raw Confining State" type="Optional" direction="Output" datatype="Feature Class" expression="{outputRawConfiningState}"/><param name="fcOutputConfiningMargins" displayname="Output Confining Margins" type="Optional" direction="Output" datatype="Feature Class" expression="{fcOutputConfiningMargins}"/><param name="strTempWorkspace" displayname="Temp Workspace" type="Optional" direction="Input" datatype="Workspace" expression="{strTempWorkspace}"/><param name="SourceProjectofStreamNetworkLayers(GNAT)" displayname="Source Project of Stream Network Layers (GNAT)" type="Optional" direction="Input" datatype="File" expression="{SourceProjectofStreamNetworkLayers(GNAT)}"/><param name="strStreamNetwork" displayname="Available Stream Networks" type="Optional" direction="Input" datatype="String" expression="{strStreamNetwork}"/><param name="SourceProjectofActiveChannelPolygons" displayname="Source Project of Active Channel Polygons" type="Optional" direction="Input" datatype="File" expression="{SourceProjectofActiveChannelPolygons}"/><param name="strChannelPolygon" displayname="Available Active Channel Polygons" type="Optional" direction="Input" datatype="String" expression="{strChannelPolygon}"/><param name="SourceProjectofValleyBottomPolygons(VBET)" displayname="Source Project of Valley Bottom Polygons (VBET)" type="Optional" direction="Input" datatype="File" expression="{SourceProjectofValleyBottomPolygons(VBET)}"/><param name="strVBET" displayname="Available VBET Polygons" type="Optional" direction="Input" datatype="String" expression="{strVBET}"/></parameters></tool></metadata>
