<?xml version="1.0"?>
<metadata xml:lang="en"><Esri><CreaDate>20161209</CreaDate><CreaTime>10464700</CreaTime><ArcGISFormat>1.0</ArcGISFormat><SyncOnce>TRUE</SyncOnce><ModDate>20170516</ModDate><ModTime>143952</ModTime><scaleRange><minScale>150000000</minScale><maxScale>5000</maxScale></scaleRange><ArcGISProfile>ItemDescription</ArcGISProfile></Esri><dataIdInfo><idCitation><resTitle>Create a New Confinement Project</resTitle></idCitation><searchKeys><keyword>Confinement</keyword><keyword>Riverscapes</keyword></searchKeys></dataIdInfo><distInfo><distributor><distorFormat><formatName>ArcToolbox Tool</formatName></distorFormat></distributor></distInfo><tool name="ConfinementProjectTool" displayname="Create a New Confinement Project" toolboxalias="" xmlns=""><parameters><param name="projectName" displayname="Project Name" type="Required" direction="Input" datatype="String" expression="projectName"><dialogReference>&lt;DIV STYLE="text-align:Left;"&gt;&lt;DIV&gt;&lt;P&gt;&lt;SPAN&gt;Name of the New Confinement Project&lt;/SPAN&gt;&lt;/P&gt;&lt;/DIV&gt;&lt;/DIV&gt;</dialogReference></param><param name="projectFolder" displayname="Project Folder" type="Required" direction="Input" datatype="Workspace" expression="projectFolder"><dialogReference>&lt;DIV STYLE="text-align:Left;"&gt;&lt;DIV&gt;&lt;P&gt;&lt;SPAN&gt;Folder to store the project, or store the new project folder (If option is checked below)&lt;/SPAN&gt;&lt;/P&gt;&lt;/DIV&gt;&lt;/DIV&gt;</dialogReference></param><param name="boolNewFolder" displayname="Create New Project Folder?" type="Optional" direction="Input" datatype="Boolean" expression="{boolNewFolder}"><dialogReference>&lt;DIV STYLE="text-align:Left;"&gt;&lt;P STYLE="font-size:16ptmargin:7 0 7 0;"&gt;&lt;SPAN&gt;&lt;SPAN&gt;If Checked, a new folder with the Project Name will be created in the Project Folder. The new project will be stored there. &lt;/SPAN&gt;&lt;/SPAN&gt;&lt;/P&gt;&lt;P STYLE="font-size:16ptmargin:7 0 7 0;"&gt;&lt;SPAN&gt;&lt;SPAN&gt;If Uncheked, the new project will be stored in the Project Folder.&lt;/SPAN&gt;&lt;/SPAN&gt;&lt;/P&gt;&lt;/DIV&gt;</dialogReference></param><param name="metaOperator" displayname="User Name (Operator)" type="Optional" direction="Input" datatype="String" expression="{metaOperator}"><dialogReference>&lt;DIV STYLE="text-align:Left;"&gt;&lt;DIV&gt;&lt;P&gt;&lt;SPAN&gt;Name of the user creating the confinement Project&lt;/SPAN&gt;&lt;/P&gt;&lt;/DIV&gt;&lt;/DIV&gt;</dialogReference></param><param name="metaRegion" displayname="Region" type="Optional" direction="Input" datatype="String" expression="{CRB}"><dialogReference>&lt;DIV STYLE="text-align:Left;"&gt;&lt;DIV&gt;&lt;P&gt;&lt;SPAN&gt;Region the project is located&lt;/SPAN&gt;&lt;/P&gt;&lt;/DIV&gt;&lt;/DIV&gt;</dialogReference></param><param name="metaWatershed" displayname="Watershed (HUC 8 Name)" type="Optional" direction="Input" datatype="String" expression="{metaWatershed}"><dialogReference>&lt;DIV STYLE="text-align:Left;"&gt;&lt;DIV&gt;&lt;P&gt;&lt;SPAN&gt;Watershed of the project&lt;/SPAN&gt;&lt;/P&gt;&lt;/DIV&gt;&lt;/DIV&gt;</dialogReference></param></parameters></tool><mdHrLv><ScopeCd value="005"></ScopeCd></mdHrLv></metadata>
