<?xml version="1.0" encoding="UTF-8"?>
<metadata xml:lang="en"><Esri><CreaDate>20160115</CreaDate><CreaTime>09174000</CreaTime><ArcGISFormat>1.0</ArcGISFormat><SyncOnce>TRUE</SyncOnce><ModDate>20160115</ModDate><ModTime>112041</ModTime></Esri><dataIdInfo><idCitation><resTitle>Confinement</resTitle></idCitation></dataIdInfo><distInfo><distributor><distorFormat><formatName>ArcToolbox Tool</formatName></distorFormat></distributor></distInfo><tool name="ConfinementTool" displayname="Confinement" toolboxalias="Confinement"><parameters><param name="InputFCStreamNetwork" displayname="Input Stream Network (Segmentation Optional)" type="Required" direction="Input" datatype="Feature Layer" expression="InputFCStreamNetwork"/><param name="InputValleyBottomPolygon" displayname="Input Valley Bottom Polygon" type="Required" direction="Input" datatype="Feature Layer" expression="InputValleyBottomPolygon"/><param name="InputChannelBottom" displayname="Input Channel Polygon" type="Required" direction="Input" datatype="Feature Layer" expression="InputChannelBottom"/><param name="outputConCenterlineFC" displayname="Output Raw Confining State Along Stream Network" type="Required" direction="Output" datatype="Feature Class" expression="outputConCenterlineFC"/><param name="outputConSegmentsFC" displayname="Output Confinement Calculated by Segments" type="Optional" direction="Output" datatype="Feature Class" expression="{outputConSegmentsFC}"/><param name="fcOutputConfiningMargins" displayname="Output Confining Margins" type="Optional" direction="Output" datatype="Feature Class" expression="{fcOutputConfiningMargins}"/><param name="InputTempWorkspace" displayname="Scratch Workspace" type="Optional" direction="Input" datatype="Workspace" expression="{InputTempWorkspace}"/></parameters></tool></metadata>
