<?xml version="1.0" encoding="UTF-8"?>
<metadata xml:lang="en"><Esri><CreaDate>20160115</CreaDate><CreaTime>09174100</CreaTime><ArcGISFormat>1.0</ArcGISFormat><SyncOnce>TRUE</SyncOnce><ModDate>20160115</ModDate><ModTime>120842</ModTime></Esri><dataIdInfo><idCitation><resTitle>Moving Window Analysis</resTitle></idCitation></dataIdInfo><distInfo><distributor><distorFormat><formatName>ArcToolbox Tool</formatName></distorFormat></distributor></distInfo><tool name="MovingWindowTool" displayname="Moving Window Analysis" toolboxalias="Confinement"><parameters><param name="lineNetwork" displayname="Input Stream Network with Confinement" type="Required" direction="Input" datatype="Feature Layer" expression="lineNetwork"/><param name="fieldStreamID" displayname="Stream Branch ID Field" type="Required" direction="Input" datatype="String" expression="fieldStreamID"/><param name="fieldAttribute" displayname="Attribute Field (Confinement)" type="Required" direction="Input" datatype="String" expression="fieldAttribute"/><param name="dblSeedPointDistance" displayname="Seed Point Distance" type="Required" direction="Input" datatype="Double" expression="dblSeedPointDistance"/><param name="inputWindowSizes" displayname="Window Sizes" type="Required" direction="Input" datatype="Multiple Value" expression="inputWindowSizes;inputWindowSizes..."/><param name="strOutputWorkspace" displayname="Output Workspace" type="Optional" direction="Input" datatype="Workspace" expression="{strOutputWorkspace}"/></parameters></tool></metadata>
