<?xml version="1.0" encoding="UTF-8"?>
<metadata xml:lang="en"><Esri><CreaDate>20160115</CreaDate><CreaTime>09173400</CreaTime><ArcGISFormat>1.0</ArcGISFormat><SyncOnce>TRUE</SyncOnce><ModDate>20160223</ModDate><ModTime>110402</ModTime></Esri><toolbox name="Confinement_Toolbox" alias="Confinement"><arcToolboxHelpPath>c:\program files (x86)\arcgis\desktop10.1\Help\gp</arcToolboxHelpPath><toolsets/></toolbox><dataIdInfo><idCitation><resTitle>Confinement_Toolbox</resTitle></idCitation></dataIdInfo><distInfo><distributor><distorFormat><formatName>ArcToolbox Toolbox</formatName></distorFormat></distributor></distInfo></metadata>
