<?xml version="1.0" encoding="UTF-8"?>
<metadata xml:lang="en"><Esri><CreaDate>20161209</CreaDate><CreaTime>10464700</CreaTime><ArcGISFormat>1.0</ArcGISFormat><SyncOnce>TRUE</SyncOnce><ModDate>20170109</ModDate><ModTime>141222</ModTime></Esri><dataIdInfo><idCitation><resTitle>Create a New Confinement Project</resTitle></idCitation></dataIdInfo><distInfo><distributor><distorFormat><formatName>ArcToolbox Tool</formatName></distorFormat></distributor></distInfo><tool name="ConfinementProjectTool" displayname="Create a New Confinement Project" toolboxalias=""><parameters><param name="projectName" displayname="Project Name" type="Required" direction="Input" datatype="String" expression="projectName"/><param name="projectFolder" displayname="Project Folder" type="Required" direction="Input" datatype="Workspace" expression="projectFolder"/><param name="metaOperator" displayname="User Name (Operator)" type="Optional" direction="Input" datatype="String" expression="{metaOperator}"/><param name="metaRegion" displayname="Region" type="Optional" direction="Input" datatype="String" expression="{CRB}"/><param name="metaWatershed" displayname="Watershed (HUC 8 Name)" type="Optional" direction="Input" datatype="String" expression="{metaWatershed}"/></parameters></tool></metadata>
