<?xml version="1.0" encoding="UTF-8"?>
<metadata xml:lang="en"><Esri><CreaDate>20161222</CreaDate><CreaTime>11204800</CreaTime><ArcGISFormat>1.0</ArcGISFormat><SyncOnce>TRUE</SyncOnce><ModDate>20170109</ModDate><ModTime>141221</ModTime></Esri><dataIdInfo><idCitation><resTitle>Moving Window Confinement</resTitle></idCitation></dataIdInfo><distInfo><distributor><distorFormat><formatName>ArcToolbox Tool</formatName></distorFormat></distributor></distInfo><tool name="MovingWindowConfinementTool" displayname="Moving Window Confinement" toolboxalias=""><parameters><param name="projectXML" displayname="Confinement Project XML" type="Optional" direction="Input" datatype="File" expression="{projectXML}"/><param name="realizationName" displayname="Confinement Realization Name" type="Optional" direction="Input" datatype="String" expression="{realizationName}"/><param name="nameAnalysis" displayname="Name of Analysis" type="Required" direction="Input" datatype="String" expression="nameAnalysis"/><param name="InputFCStreamNetwork" displayname="Input Stream Network" type="Required" direction="Input" datatype="Feature Class" expression="InputFCStreamNetwork"/><param name="fieldStreamID" displayname="Dissolve Field (Stream Branch ID)" type="Required" direction="Input" datatype="String" expression="fieldStreamID"/><param name="fieldConfinement" displayname="Confining State Field" type="Required" direction="Input" datatype="String" expression="fieldConfinement"/><param name="fieldConstriction" displayname="Constriction State Field" type="Required" direction="Input" datatype="String" expression="fieldConstriction"/><param name="dblSeedPointDistance" displayname="Seed Point Distance" type="Required" direction="Input" datatype="Double" expression="dblSeedPointDistance"/><param name="inputWindowSizes" displayname="Window Sizes" type="Required" direction="Input" datatype="Multiple Value" expression="inputWindowSizes;inputWindowSizes..."/><param name="strOutputWorkspace" displayname="Output Workspace" type="Optional" direction="Output" datatype="Workspace" expression="{strOutputWorkspace}"/><param name="strTempWorkspace" displayname="Temp Workspace" type="Optional" direction="Input" datatype="Workspace" expression="{strTempWorkspace}"/></parameters></tool></metadata>
