<?xml version="1.0" encoding="UTF-8"?>
<metadata xml:lang="en"><Esri><CreaDate>20161222</CreaDate><CreaTime>11205000</CreaTime><ArcGISFormat>1.0</ArcGISFormat><SyncOnce>TRUE</SyncOnce><ModDate>20170109</ModDate><ModTime>141222</ModTime></Esri><dataIdInfo><idCitation><resTitle>Fixed Segment Confinement</resTitle></idCitation></dataIdInfo><distInfo><distributor><distorFormat><formatName>ArcToolbox Tool</formatName></distorFormat></distributor></distInfo><tool name="FixedSegmentConfinementTool" displayname="Fixed Segment Confinement" toolboxalias=""><parameters><param name="lineNetwork" displayname="Input Stream Network with Confining State" type="Required" direction="Input" datatype="Feature Layer" expression="lineNetwork"/><param name="fieldStreamID" displayname="Dissolve Field (Stream Branch ID)" type="Required" direction="Input" datatype="String" expression="fieldStreamID"/><param name="fieldAttribute" displayname="Confining State Field" type="Required" direction="Input" datatype="String" expression="fieldAttribute"/><param name="dblSeedPointDistance" displayname="Seed Point Distance" type="Required" direction="Input" datatype="Double" expression="dblSeedPointDistance"/><param name="inputWindowSizes" displayname="Window Sizes" type="Required" direction="Input" datatype="Multiple Value" expression="inputWindowSizes;inputWindowSizes..."/><param name="strOutputWorkspace" displayname="Output Workspace" type="Optional" direction="Input" datatype="Workspace" expression="{strOutputWorkspace}"/><param name="strTempWorkspace" displayname="Temp Workspace" type="Optional" direction="Input" datatype="Workspace" expression="{strTempWorkspace}"/></parameters></tool></metadata>
