<?xml version="1.0" encoding="UTF-8"?>
<metadata xml:lang="en"><Esri><CreaDate>20170411</CreaDate><CreaTime>12111400</CreaTime><ArcGISFormat>1.0</ArcGISFormat><SyncOnce>TRUE</SyncOnce><ModDate>20170418</ModDate><ModTime>143148</ModTime></Esri><dataIdInfo><idCitation><resTitle>Load Input Datasets From Other Projects</resTitle></idCitation></dataIdInfo><distInfo><distributor><distorFormat><formatName>ArcToolbox Tool</formatName></distorFormat></distributor></distInfo><tool name="LoadInputsFromProjectTool" displayname="Load Input Datasets From Other Projects" toolboxalias=""><parameters><param name="projectXML" displayname="Confinement Project XML" type="Optional" direction="Input" datatype="File" expression="{projectXML}"/><param name="SourceGNATProjectforStreamNetworks" displayname="Source GNAT Project for Stream Networks" type="Optional" direction="Input" datatype="File" expression="{SourceGNATProjectforStreamNetworks}"/><param name="StreamNetwork" displayname="Stream Networks" type="Optional" direction="Input" datatype="Multiple Value" expression="{StreamNetwork;StreamNetwork...}"/><param name="InputBankfullChannelPoly" displayname="Input Buffered Bankfull Channel Polygon" type="Optional" direction="Input" datatype="Feature Class" expression="{InputBankfullChannelPoly}"/><param name="SourceVBETProjectforValleyBottomPolygon" displayname="Source VBET Project for Valley Bottom Polygon" type="Optional" direction="Input" datatype="File" expression="{SourceVBETProjectforValleyBottomPolygon}"/><param name="InputValleyBottomPolygon" displayname="Input Valley Bottom Polygon" type="Optional" direction="Input" datatype="Feature Class" expression="{InputValleyBottomPolygon}"/></parameters></tool></metadata>
