<?xml version="1.0" encoding="UTF-8"?>
<metadata xml:lang="en"><Esri><CreaDate>20161019</CreaDate><CreaTime>10310600</CreaTime><ArcGISFormat>1.0</ArcGISFormat><SyncOnce>TRUE</SyncOnce><ModDate>20161208</ModDate><ModTime>122833</ModTime></Esri><dataIdInfo><idCitation><resTitle>Confining Margins Tool</resTitle></idCitation></dataIdInfo><distInfo><distributor><distorFormat><formatName>ArcToolbox Tool</formatName></distorFormat></distributor></distInfo><tool name="ConfingMarginTool" displayname="Confining Margins Tool" toolboxalias="Confinement"><parameters><param name="InputFCStreamNetwork" displayname="Input Stream Network" type="Required" direction="Input" datatype="Feature Layer" expression="InputFCStreamNetwork"/><param name="InputValleyBottomPolygon" displayname="Input Valley Bottom Polygon" type="Required" direction="Input" datatype="Feature Layer" expression="InputValleyBottomPolygon"/><param name="InputBankfullChannelPoly" displayname="Input Buffered Bankfull Channel Polygon" type="Required" direction="Input" datatype="Feature Layer" expression="InputBankfullChannelPoly"/><param name="outputRawConfiningState" displayname="Output Raw Confining State" type="Required" direction="Output" datatype="Feature Class" expression="outputRawConfiningState"/><param name="fcOutputConfiningMargins" displayname="Output Confining Margins" type="Optional" direction="Output" datatype="Feature Class" expression="{fcOutputConfiningMargins}"/><param name="InputTempWorkspace" displayname="Scratch Workspace" type="Optional" direction="Input" datatype="Workspace" expression="{InputTempWorkspace}"/></parameters></tool></metadata>
